_company_name,_domain_name,Company domain name,First Name,Last Name,_nonwork_email,_work_email,Email,Contact owner,Job Title,_buying_role_option,Buying Role,Mobile Phone Number,Phone Number
Yombu,yombu.com,yombu.com,Nolly,Cowthart,nolly.cowthart@gmail.com,nolly.cowthart@yombu.com,nolly.cowthart@yombu.com,Clayton Farr,Geological Engineer,Blocker,,927-577-3468,
Yodel,yodel.com,yodel.com,Nan,Molineux,nan.molineux@gmail.com,nan.molineux@yodel.com,nan.molineux@yodel.com,Test User 2,Data Coordiator,Other,,316-766-7537,
Twimm,twimm.com,twimm.com,Prudy,Haysom,prudy.haysom@gmail.com,prudy.haysom@twimm.com,prudy.haysom@twimm.com,Test User 2,Software Engineer IV,Legal & Compliance,,,
Pixonyx,pixonyx.com,pixonyx.com,Donny,Rizzone,donny.rizzone@gmail.com,donny.rizzone@pixonyx.com,donny.rizzone@pixonyx.com,Test User 2,Paralegal,Decision Maker,Decision Maker,,
,.com,"",Saree,Basnett,saree.basnett@gmail.com,saree.basnett@.com,saree.basnett@gmail.com,Clayton Farr,Chemical Engineer,Blocker,,694-185-1750,860-651-1814
,.com,"",Rosetta,Carder,rosetta.carder@gmail.com,rosetta.carder@.com,rosetta.carder@gmail.com,Test User 2,Payment Adjustment Coordinator,Other,,389-213-0277,855-735-3088
,.com,"",Barnie,Carnegy,barnie.carnegy@gmail.com,barnie.carnegy@.com,barnie.carnegy@gmail.com,Test User 2,Programmer Analyst IV,End User,,,160-276-5224
,.com,"",Heidie,Ccomini,heidie.ccomini@gmail.com,heidie.ccomini@.com,heidie.ccomini@gmail.com,Clayton Farr,Human Resources Assistant II,Champion,,529-975-5739,844-775-6614
Flashset,flashset.com,flashset.com,Nicholas,Pettingill,nicholas.pettingill@gmail.com,nicholas.pettingill@flashset.com,nicholas.pettingill@flashset.com,Test User 2,Media Manager I,Blocker,,,
Avavee,avavee.com,avavee.com,Debera,Exton,debera.exton@gmail.com,debera.exton@avavee.com,debera.exton@avavee.com,Clayton Farr,Mechanical Systems Engineer,Budget Holder,Budget Holder,,938-863-2053
,.com,"",Reggi,Labern,reggi.labern@gmail.com,reggi.labern@.com,reggi.labern@gmail.com,Test User 2,Electrical Engineer,Blocker,,,524-924-0077
,.com,"",Garrett,Tiebe,garrett.tiebe@gmail.com,garrett.tiebe@.com,garrett.tiebe@gmail.com,Clayton Farr,General Manager,Influencer,,,190-939-3634
Eayo,eayo.com,eayo.com,Benton,Mandal,benton.mandal@gmail.com,benton.mandal@eayo.com,benton.mandal@eayo.com,Clayton Farr,VP Accounting,Budget Holder,,,305-268-0935
Rooxo,rooxo.com,rooxo.com,Irving,Theuss,irving.theuss@gmail.com,irving.theuss@rooxo.com,irving.theuss@rooxo.com,Test User 2,Developer IV,Decision Maker,,482-231-7582,
,.com,"",Tome,Lyenyng,tome.lyenyng@gmail.com,tome.lyenyng@.com,tome.lyenyng@gmail.com,Clayton Farr,Occupational Therapist,Legal & Compliance,,,
,.com,"",Benjy,Willoughby,benjy.willoughby@gmail.com,benjy.willoughby@.com,benjy.willoughby@gmail.com,Clayton Farr,GIS Technical Architect,Budget Holder,,,
Youtags,youtags.com,youtags.com,Roseanne,Poyle,roseanne.poyle@gmail.com,roseanne.poyle@youtags.com,roseanne.poyle@youtags.com,Test User 2,VP Quality Control,Influencer,Influencer,398-982-8586,
,.com,"",Justino,MacKall,justino.mackall@gmail.com,justino.mackall@.com,justino.mackall@gmail.com,Clayton Farr,Payment Adjustment Coordinator,Legal & Compliance,,,982-610-8272
Voonte,voonte.com,voonte.com,Rivy,Collip,rivy.collip@gmail.com,rivy.collip@voonte.com,rivy.collip@voonte.com,Clayton Farr,Statistician III,Influencer,,709-630-1913,
,.com,"",Janelle,Healks,janelle.healks@gmail.com,janelle.healks@.com,janelle.healks@gmail.com,Test User 2,Senior Cost Accountant,Other,,,
Tagtune,tagtune.com,tagtune.com,Sadie,Sawyers,sadie.sawyers@gmail.com,sadie.sawyers@tagtune.com,sadie.sawyers@tagtune.com,Clayton Farr,Operator,Blocker,,,132-139-9644
Ntag,ntag.com,ntag.com,Piggy,Tidridge,piggy.tidridge@gmail.com,piggy.tidridge@ntag.com,piggy.tidridge@ntag.com,Clayton Farr,Recruiter,Decision Maker,Decision Maker,716-842-1955,778-929-5789
,.com,"",Ula,Dobbs,ula.dobbs@gmail.com,ula.dobbs@.com,ula.dobbs@gmail.com,Clayton Farr,Research Nurse,Influencer,,,
Aibox,aibox.com,aibox.com,Cristian,Ambrogiotti,cristian.ambrogiotti@gmail.com,cristian.ambrogiotti@aibox.com,cristian.ambrogiotti@aibox.com,Clayton Farr,Tax Accountant,Decision Maker,,,839-757-1793
,.com,"",Donnell,Coots,donnell.coots@gmail.com,donnell.coots@.com,donnell.coots@gmail.com,Clayton Farr,Graphic Designer,Other,,380-527-3025,745-354-0986
,.com,"",Glynis,Fairtlough,glynis.fairtlough@gmail.com,glynis.fairtlough@.com,glynis.fairtlough@gmail.com,Clayton Farr,Administrative Officer,Legal & Compliance,,,597-585-7057
,.com,"",Tess,Trittam,tess.trittam@gmail.com,tess.trittam@.com,tess.trittam@gmail.com,Test User 2,Quality Control Specialist,Champion,,122-869-6964,391-818-3185
Edgeclub,edgeclub.com,edgeclub.com,Marj,Fradgley,marj.fradgley@gmail.com,marj.fradgley@edgeclub.com,marj.fradgley@edgeclub.com,Test User 2,Sales Representative,Decision Maker,Decision Maker,,313-109-3304
,.com,"",Chariot,Colville,chariot.colville@gmail.com,chariot.colville@.com,chariot.colville@gmail.com,Clayton Farr,Director of Sales,Blocker,,,
Thoughtstorm,thoughtstorm.com,thoughtstorm.com,Joete,Beatens,joete.beatens@gmail.com,joete.beatens@thoughtstorm.com,joete.beatens@thoughtstorm.com,Test User 2,Staff Scientist,Blocker,,651-299-0435,
,.com,"",Clarabelle,Winear,clarabelle.winear@gmail.com,clarabelle.winear@.com,clarabelle.winear@gmail.com,Test User 2,Professor,Other,,,
Skaboo,skaboo.com,skaboo.com,Kenny,Burling,kenny.burling@gmail.com,kenny.burling@skaboo.com,kenny.burling@skaboo.com,Clayton Farr,Project Manager,Executive Sponsor,Executive Sponsor,,
,.com,"",Aileen,Stoacley,aileen.stoacley@gmail.com,aileen.stoacley@.com,aileen.stoacley@gmail.com,Clayton Farr,Teacher,End User,,,869-933-4926
,.com,"",Bibbye,Welden,bibbye.welden@gmail.com,bibbye.welden@.com,bibbye.welden@gmail.com,Clayton Farr,Staff Scientist,Champion,,791-795-9788,739-948-2710
Feedfire,feedfire.com,feedfire.com,Roderigo,Ply,roderigo.ply@gmail.com,roderigo.ply@feedfire.com,roderigo.ply@feedfire.com,Clayton Farr,Environmental Specialist,Executive Sponsor,,836-622-8880,
Gabtune,gabtune.com,gabtune.com,Russ,Dempster,russ.dempster@gmail.com,russ.dempster@gabtune.com,russ.dempster@gabtune.com,Clayton Farr,Product Engineer,Executive Sponsor,,955-399-3198,202-359-4234
Gabtune,gabtune.com,gabtune.com,Lucius,Porteous,lucius.porteous@gmail.com,lucius.porteous@gabtune.com,lucius.porteous@gabtune.com,Test User 2,Database Administrator IV,End User,,866-777-9402,226-725-3385
,.com,"",Thorsten,Desorts,thorsten.desorts@gmail.com,thorsten.desorts@.com,thorsten.desorts@gmail.com,Test User 2,Programmer I,Decision Maker,,149-925-3426,415-819-9215
Yambee,yambee.com,yambee.com,Matthiew,Belham,matthiew.belham@gmail.com,matthiew.belham@yambee.com,matthiew.belham@yambee.com,Test User 2,Operator,Budget Holder,Budget Holder,305-244-6748,381-310-0248
Bubblemix,bubblemix.com,bubblemix.com,Fulton,Swindles,fulton.swindles@gmail.com,fulton.swindles@bubblemix.com,fulton.swindles@bubblemix.com,Test User 2,Civil Engineer,Other,,,
Oodoo,oodoo.com,oodoo.com,Jacqui,Ainslie,jacqui.ainslie@gmail.com,jacqui.ainslie@oodoo.com,jacqui.ainslie@oodoo.com,Clayton Farr,Sales Representative,Influencer,Influencer,323-373-5075,740-614-0344
Zava,zava.com,zava.com,Myrwyn,Bengtson,myrwyn.bengtson@gmail.com,myrwyn.bengtson@zava.com,myrwyn.bengtson@zava.com,Clayton Farr,Staff Accountant II,Budget Holder,Budget Holder,530-741-2611,452-971-1114
BlogXS,blogxs.com,blogxs.com,Gradeigh,Durrant,gradeigh.durrant@gmail.com,gradeigh.durrant@blogxs.com,gradeigh.durrant@blogxs.com,Test User 2,Actuary,Champion,Champion,,169-577-6724
,.com,"",Larina,Ryves,larina.ryves@gmail.com,larina.ryves@.com,larina.ryves@gmail.com,Clayton Farr,Information Systems Manager,Influencer,,603-155-9400,242-970-2662
Abatz,abatz.com,abatz.com,Cooper,Simonot,cooper.simonot@gmail.com,cooper.simonot@abatz.com,cooper.simonot@abatz.com,Test User 2,Sales Representative,Other,,,
Rhyzio,rhyzio.com,rhyzio.com,Birk,Horrell,birk.horrell@gmail.com,birk.horrell@rhyzio.com,birk.horrell@rhyzio.com,Clayton Farr,Programmer I,Champion,,,
,.com,"",Georgie,Tichner,georgie.tichner@gmail.com,georgie.tichner@.com,georgie.tichner@gmail.com,Test User 2,Safety Technician II,Decision Maker,,683-951-5970,622-269-5555
Blogtag,blogtag.com,blogtag.com,Francene,Gircke,francene.gircke@gmail.com,francene.gircke@blogtag.com,francene.gircke@blogtag.com,Clayton Farr,Business Systems Development Analyst,Budget Holder,Budget Holder,851-427-2122,863-999-2360
,.com,"",Rheta,Emes,rheta.emes@gmail.com,rheta.emes@.com,rheta.emes@gmail.com,Test User 2,Account Executive,End User,,957-221-8494,
Flashpoint,flashpoint.com,flashpoint.com,Livvie,Manser,livvie.manser@gmail.com,livvie.manser@flashpoint.com,livvie.manser@flashpoint.com,Clayton Farr,Project Manager,Budget Holder,,,558-195-1552
,.com,"",Annemarie,Siggers,annemarie.siggers@gmail.com,annemarie.siggers@.com,annemarie.siggers@gmail.com,Test User 2,Computer Systems Analyst III,Executive Sponsor,,983-610-8333,
Edgeclub,edgeclub.com,edgeclub.com,Frants,Smelley,frants.smelley@gmail.com,frants.smelley@edgeclub.com,frants.smelley@edgeclub.com,Test User 2,Software Consultant,Budget Holder,,435-951-4614,
Rooxo,rooxo.com,rooxo.com,Shir,Pinck,shir.pinck@gmail.com,shir.pinck@rooxo.com,shir.pinck@rooxo.com,Clayton Farr,Information Systems Manager,Blocker,Blocker,559-574-4028,
Rhyzio,rhyzio.com,rhyzio.com,Gleda,Bicksteth,gleda.bicksteth@gmail.com,gleda.bicksteth@rhyzio.com,gleda.bicksteth@rhyzio.com,Test User 2,Tax Accountant,Legal & Compliance,,,
InnoZ,innoz.com,innoz.com,Manfred,Muscott,manfred.muscott@gmail.com,manfred.muscott@innoz.com,manfred.muscott@innoz.com,Test User 2,Programmer Analyst III,Blocker,,178-424-1970,
Photojam,photojam.com,photojam.com,Babita,Gantley,babita.gantley@gmail.com,babita.gantley@photojam.com,babita.gantley@photojam.com,Clayton Farr,Structural Engineer,Blocker,,,493-476-7036
,.com,"",Ermentrude,Doodney,ermentrude.doodney@gmail.com,ermentrude.doodney@.com,ermentrude.doodney@gmail.com,Test User 2,Office Assistant III,Budget Holder,,,181-393-5857
Lazzy,lazzy.com,lazzy.com,Susy,Ansty,susy.ansty@gmail.com,susy.ansty@lazzy.com,susy.ansty@lazzy.com,Test User 2,Actuary,Blocker,Blocker,,788-698-2622
,.com,"",Grier,Orknay,grier.orknay@gmail.com,grier.orknay@.com,grier.orknay@gmail.com,Test User 2,Technical Writer,Budget Holder,,332-677-1868,451-941-2439
,.com,"",Jobyna,O'Grogane,jobyna.ogrogane@gmail.com,jobyna.ogrogane@.com,jobyna.ogrogane@gmail.com,Clayton Farr,Professor,Champion,,552-546-9844,593-155-1222
Eayo,eayo.com,eayo.com,Anjanette,O'Dowd,anjanette.odowd@gmail.com,anjanette.odowd@eayo.com,anjanette.odowd@eayo.com,Clayton Farr,Research Assistant IV,Blocker,,345-467-5451,570-606-7118
,.com,"",Christophorus,Puddan,christophorus.puddan@gmail.com,christophorus.puddan@.com,christophorus.puddan@gmail.com,Test User 2,Business Systems Development Analyst,Blocker,,,560-332-9844
Skynoodle,skynoodle.com,skynoodle.com,Carlie,Cantopher,carlie.cantopher@gmail.com,carlie.cantopher@skynoodle.com,carlie.cantopher@skynoodle.com,Clayton Farr,Professor,Champion,Champion,806-603-3060,
,.com,"",Herculie,Jefferys,herculie.jefferys@gmail.com,herculie.jefferys@.com,herculie.jefferys@gmail.com,Test User 2,Tax Accountant,End User,,,
Yadel,yadel.com,yadel.com,Karlens,Suffe,karlens.suffe@gmail.com,karlens.suffe@yadel.com,karlens.suffe@yadel.com,Clayton Farr,VP Product Management,Legal & Compliance,Legal & Compliance,520-575-1816,
Zooveo,zooveo.com,zooveo.com,Nedi,Hamil,nedi.hamil@gmail.com,nedi.hamil@zooveo.com,nedi.hamil@zooveo.com,Clayton Farr,Programmer II,Budget Holder,Budget Holder,,956-786-7447
Abatz,abatz.com,abatz.com,Artie,Dagworthy,artie.dagworthy@gmail.com,artie.dagworthy@abatz.com,artie.dagworthy@abatz.com,Test User 2,Help Desk Operator,Budget Holder,,,
Cogidoo,cogidoo.com,cogidoo.com,Hussein,Bhatia,hussein.bhatia@gmail.com,hussein.bhatia@cogidoo.com,hussein.bhatia@cogidoo.com,Test User 2,Structural Engineer,Budget Holder,,,955-720-7013
Camido,camido.com,camido.com,Pace,Moar,pace.moar@gmail.com,pace.moar@camido.com,pace.moar@camido.com,Test User 2,Social Worker,Executive Sponsor,Executive Sponsor,500-120-6007,502-298-3974
,.com,"",Yancey,La Wille,yancey.lawille@gmail.com,yancey.lawille@.com,yancey.lawille@gmail.com,Clayton Farr,Assistant Media Planner,Decision Maker,,952-195-0101,
,.com,"",Karee,Normand,karee.normand@gmail.com,karee.normand@.com,karee.normand@gmail.com,Clayton Farr,Junior Executive,Influencer,,813-553-5179,
,.com,"",Lily,Gheeorghie,lily.gheeorghie@gmail.com,lily.gheeorghie@.com,lily.gheeorghie@gmail.com,Clayton Farr,General Manager,Other,,,688-417-7177
,.com,"",Roxy,Wahncke,roxy.wahncke@gmail.com,roxy.wahncke@.com,roxy.wahncke@gmail.com,Clayton Farr,Systems Administrator III,Executive Sponsor,,,
Kazu,kazu.com,kazu.com,Allan,Coad,allan.coad@gmail.com,allan.coad@kazu.com,allan.coad@kazu.com,Test User 2,Project Manager,Influencer,Influencer,,
Kwilith,kwilith.com,kwilith.com,Tish,Martusov,tish.martusov@gmail.com,tish.martusov@kwilith.com,tish.martusov@kwilith.com,Test User 2,Nurse Practicioner,Executive Sponsor,,372-499-6444,
Rhyzio,rhyzio.com,rhyzio.com,Chrissie,Garahan,chrissie.garahan@gmail.com,chrissie.garahan@rhyzio.com,chrissie.garahan@rhyzio.com,Clayton Farr,Teacher,Budget Holder,Budget Holder,978-350-5897,
Devshare,devshare.com,devshare.com,Minette,Bastin,minette.bastin@gmail.com,minette.bastin@devshare.com,minette.bastin@devshare.com,Test User 2,Marketing Manager,Champion,Champion,563-459-8542,491-197-9210
Mybuzz,mybuzz.com,mybuzz.com,Tanney,Hindenburg,tanney.hindenburg@gmail.com,tanney.hindenburg@mybuzz.com,tanney.hindenburg@mybuzz.com,Clayton Farr,Project Manager,Executive Sponsor,,313-786-2344,495-292-6291
,.com,"",Bibbye,Haslewood,bibbye.haslewood@gmail.com,bibbye.haslewood@.com,bibbye.haslewood@gmail.com,Test User 2,Business Systems Development Analyst,Budget Holder,,905-543-7739,
Oyoyo,oyoyo.com,oyoyo.com,Delilah,Roisen,delilah.roisen@gmail.com,delilah.roisen@oyoyo.com,delilah.roisen@oyoyo.com,Test User 2,Analyst Programmer,Other,,974-913-3127,
,.com,"",Malinde,Flockhart,malinde.flockhart@gmail.com,malinde.flockhart@.com,malinde.flockhart@gmail.com,Clayton Farr,Associate Professor,Other,,340-126-9395,741-601-6444
Flashset,flashset.com,flashset.com,Madelina,Ghidetti,madelina.ghidetti@gmail.com,madelina.ghidetti@flashset.com,madelina.ghidetti@flashset.com,Clayton Farr,Nurse Practicioner,Budget Holder,Budget Holder,,899-371-1065
Abatz,abatz.com,abatz.com,Alanah,McKibbin,alanah.mckibbin@gmail.com,alanah.mckibbin@abatz.com,alanah.mckibbin@abatz.com,Test User 2,Software Engineer I,Other,Other,,
Voonte,voonte.com,voonte.com,Fee,Rawlings,fee.rawlings@gmail.com,fee.rawlings@voonte.com,fee.rawlings@voonte.com,Test User 2,Product Engineer,Blocker,Blocker,,
Gabtype,gabtype.com,gabtype.com,Nobie,Lean,nobie.lean@gmail.com,nobie.lean@gabtype.com,nobie.lean@gabtype.com,Test User 2,Financial Analyst,Legal & Compliance,Legal & Compliance,,528-922-3374
Avaveo,avaveo.com,avaveo.com,Shelton,Trusty,shelton.trusty@gmail.com,shelton.trusty@avaveo.com,shelton.trusty@avaveo.com,Test User 2,Senior Sales Associate,Champion,,,317-835-1545
Mybuzz,mybuzz.com,mybuzz.com,Theressa,Stedell,theressa.stedell@gmail.com,theressa.stedell@mybuzz.com,theressa.stedell@mybuzz.com,Clayton Farr,GIS Technical Architect,Blocker,,,
Mycat,mycat.com,mycat.com,Huntlee,Hassen,huntlee.hassen@gmail.com,huntlee.hassen@mycat.com,huntlee.hassen@mycat.com,Clayton Farr,Media Manager II,Influencer,Influencer,,512-401-7279
Oyoloo,oyoloo.com,oyoloo.com,Otto,Jurs,otto.jurs@gmail.com,otto.jurs@oyoloo.com,otto.jurs@oyoloo.com,Clayton Farr,VP Sales,Budget Holder,Budget Holder,768-844-8126,911-265-4060
Miboo,miboo.com,miboo.com,Sharline,Harrington,sharline.harrington@gmail.com,sharline.harrington@miboo.com,sharline.harrington@miboo.com,Clayton Farr,Administrative Officer,Blocker,Blocker,,260-804-4992
,.com,"",Shannon,Fairhurst,shannon.fairhurst@gmail.com,shannon.fairhurst@.com,shannon.fairhurst@gmail.com,Test User 2,Data Coordiator,End User,,211-930-5165,312-606-4546
Eayo,eayo.com,eayo.com,Denys,Loffhead,denys.loffhead@gmail.com,denys.loffhead@eayo.com,denys.loffhead@eayo.com,Test User 2,Operator,Champion,,,
,.com,"",Gates,Sango,gates.sango@gmail.com,gates.sango@.com,gates.sango@gmail.com,Clayton Farr,Senior Developer,Influencer,,,740-412-5721
,.com,"",Freddie,Muffen,freddie.muffen@gmail.com,freddie.muffen@.com,freddie.muffen@gmail.com,Clayton Farr,Editor,Legal & Compliance,,,951-367-6970
Rhynyx,rhynyx.com,rhynyx.com,Chevy,Candey,chevy.candey@gmail.com,chevy.candey@rhynyx.com,chevy.candey@rhynyx.com,Test User 2,Payment Adjustment Coordinator,End User,End User,486-301-2728,674-589-7459
,.com,"",Lyman,Lumm,lyman.lumm@gmail.com,lyman.lumm@.com,lyman.lumm@gmail.com,Clayton Farr,Accounting Assistant II,Influencer,,707-594-9035,724-993-0369
,.com,"",Lainey,Tewes,lainey.tewes@gmail.com,lainey.tewes@.com,lainey.tewes@gmail.com,Test User 2,Executive Secretary,Other,,,783-689-4375
Jayo,jayo.com,jayo.com,Manny,Huband,manny.huband@gmail.com,manny.huband@jayo.com,manny.huband@jayo.com,Clayton Farr,Developer I,Budget Holder,,339-494-5625,187-681-5608
,.com,"",Fabien,Smy,fabien.smy@gmail.com,fabien.smy@.com,fabien.smy@gmail.com,Clayton Farr,Human Resources Assistant II,Influencer,,801-861-2482,442-405-1983
Twitterlist,twitterlist.com,twitterlist.com,Emilio,Brach,emilio.brach@gmail.com,emilio.brach@twitterlist.com,emilio.brach@twitterlist.com,Clayton Farr,Electrical Engineer,Executive Sponsor,Executive Sponsor,,898-297-7248
Camido,camido.com,camido.com,Milli,McAlindon,milli.mcalindon@gmail.com,milli.mcalindon@camido.com,milli.mcalindon@camido.com,Clayton Farr,Teacher,Champion,,,
Voolia,voolia.com,voolia.com,Meagan,Twitchett,meagan.twitchett@gmail.com,meagan.twitchett@voolia.com,meagan.twitchett@voolia.com,Clayton Farr,Payment Adjustment Coordinator,Blocker,,,
,.com,"",Josee,Guiducci,josee.guiducci@gmail.com,josee.guiducci@.com,josee.guiducci@gmail.com,Test User 2,Nurse,Decision Maker,,714-131-1819,206-649-8827
,.com,"",Zollie,Cherry Holme,zollie.cherryholme@gmail.com,zollie.cherryholme@.com,zollie.cherryholme@gmail.com,Clayton Farr,Programmer I,Champion,,,232-804-8888
Digitube,digitube.com,digitube.com,Tricia,Nelmes,tricia.nelmes@gmail.com,tricia.nelmes@digitube.com,tricia.nelmes@digitube.com,Test User 2,Administrative Officer,Executive Sponsor,,122-629-1386,552-663-4412
,.com,"",Lockwood,Hawkyens,lockwood.hawkyens@gmail.com,lockwood.hawkyens@.com,lockwood.hawkyens@gmail.com,Test User 2,Desktop Support Technician,Executive Sponsor,,,302-845-7322
,.com,"",Morgen,Jancik,morgen.jancik@gmail.com,morgen.jancik@.com,morgen.jancik@gmail.com,Test User 2,Recruiter,Champion,,,759-444-4098
,.com,"",Tiffani,Ramelot,tiffani.ramelot@gmail.com,tiffani.ramelot@.com,tiffani.ramelot@gmail.com,Test User 2,Dental Hygienist,End User,,799-412-1230,368-286-8113
Zoozzy,zoozzy.com,zoozzy.com,Aindrea,Mill,aindrea.mill@gmail.com,aindrea.mill@zoozzy.com,aindrea.mill@zoozzy.com,Test User 2,Developer IV,Budget Holder,Budget Holder,,886-904-2607
Npath,npath.com,npath.com,Perry,Ruthven,perry.ruthven@gmail.com,perry.ruthven@npath.com,perry.ruthven@npath.com,Clayton Farr,Administrative Assistant IV,Legal & Compliance,,325-730-5348,928-104-0690
,.com,"",Becky,Terren,becky.terren@gmail.com,becky.terren@.com,becky.terren@gmail.com,Clayton Farr,Software Engineer I,End User,,694-429-0422,118-405-9240
Twimm,twimm.com,twimm.com,Yoshiko,Brooker,yoshiko.brooker@gmail.com,yoshiko.brooker@twimm.com,yoshiko.brooker@twimm.com,Test User 2,Librarian,Executive Sponsor,,,
Avaveo,avaveo.com,avaveo.com,Raychel,Soutar,raychel.soutar@gmail.com,raychel.soutar@avaveo.com,raychel.soutar@avaveo.com,Test User 2,Clinical Specialist,Legal & Compliance,Legal & Compliance,,
,.com,"",Shelby,Dow,shelby.dow@gmail.com,shelby.dow@.com,shelby.dow@gmail.com,Test User 2,Software Consultant,Blocker,,911-855-9888,194-353-9145
Yadel,yadel.com,yadel.com,Valaree,Nelissen,valaree.nelissen@gmail.com,valaree.nelissen@yadel.com,valaree.nelissen@yadel.com,Test User 2,Database Administrator I,Champion,,949-910-5130,
,.com,"",Celene,Lace,celene.lace@gmail.com,celene.lace@.com,celene.lace@gmail.com,Test User 2,Business Systems Development Analyst,Executive Sponsor,,492-250-8893,175-562-5827
Gabtype,gabtype.com,gabtype.com,Ferrell,Shipston,ferrell.shipston@gmail.com,ferrell.shipston@gabtype.com,ferrell.shipston@gabtype.com,Test User 2,Senior Financial Analyst,Legal & Compliance,,238-673-0369,
Chatterbridge,chatterbridge.com,chatterbridge.com,Todd,Doyley,todd.doyley@gmail.com,todd.doyley@chatterbridge.com,todd.doyley@chatterbridge.com,Test User 2,Human Resources Assistant I,Legal & Compliance,Legal & Compliance,,128-878-7044
Linklinks,linklinks.com,linklinks.com,Laughton,Hasted,laughton.hasted@gmail.com,laughton.hasted@linklinks.com,laughton.hasted@linklinks.com,Test User 2,VP Sales,Influencer,Influencer,874-113-3878,916-892-8312
,.com,"",Clair,Maypowder,clair.maypowder@gmail.com,clair.maypowder@.com,clair.maypowder@gmail.com,Test User 2,Senior Editor,Budget Holder,,,249-797-3125
Rhycero,rhycero.com,rhycero.com,Jermaine,Eland,jermaine.eland@gmail.com,jermaine.eland@rhycero.com,jermaine.eland@rhycero.com,Test User 2,Sales Representative,Budget Holder,Budget Holder,,227-696-6412
,.com,"",Garald,Clyburn,garald.clyburn@gmail.com,garald.clyburn@.com,garald.clyburn@gmail.com,Test User 2,Teacher,Blocker,,782-967-0502,
Yakidoo,yakidoo.com,yakidoo.com,Rivi,Divver,rivi.divver@gmail.com,rivi.divver@yakidoo.com,rivi.divver@yakidoo.com,Clayton Farr,Marketing Manager,Decision Maker,Decision Maker,479-259-8329,260-972-1812
,.com,"",Kimmi,De Roeck,kimmi.deroeck@gmail.com,kimmi.deroeck@.com,kimmi.deroeck@gmail.com,Test User 2,Media Manager IV,Budget Holder,,,744-597-9052
Brainverse,brainverse.com,brainverse.com,Vere,Vanelli,vere.vanelli@gmail.com,vere.vanelli@brainverse.com,vere.vanelli@brainverse.com,Clayton Farr,Safety Technician IV,Other,Other,,794-300-2498
,.com,"",Luis,Harrowsmith,luis.harrowsmith@gmail.com,luis.harrowsmith@.com,luis.harrowsmith@gmail.com,Test User 2,Clinical Specialist,Legal & Compliance,,,772-208-4750
Feednation,feednation.com,feednation.com,Melania,Meddings,melania.meddings@gmail.com,melania.meddings@feednation.com,melania.meddings@feednation.com,Test User 2,Project Manager,End User,End User,195-413-8511,
Aibox,aibox.com,aibox.com,Patricio,Clover,patricio.clover@gmail.com,patricio.clover@aibox.com,patricio.clover@aibox.com,Clayton Farr,Cost Accountant,End User,End User,270-617-2979,861-194-0337
,.com,"",Nobie,Hulett,nobie.hulett@gmail.com,nobie.hulett@.com,nobie.hulett@gmail.com,Test User 2,Legal Assistant,Influencer,,,
Twitternation,twitternation.com,twitternation.com,Claus,Geall,claus.geall@gmail.com,claus.geall@twitternation.com,claus.geall@twitternation.com,Clayton Farr,Assistant Professor,Decision Maker,Decision Maker,701-750-9730,976-939-8429
,.com,"",Jakie,O' Driscoll,jakie.odriscoll@gmail.com,jakie.odriscoll@.com,jakie.odriscoll@gmail.com,Test User 2,Analyst Programmer,Budget Holder,,,
,.com,"",Cherise,Storcke,cherise.storcke@gmail.com,cherise.storcke@.com,cherise.storcke@gmail.com,Clayton Farr,Computer Systems Analyst IV,Legal & Compliance,,,593-555-8030
Omba,omba.com,omba.com,Ham,Ambrogiotti,ham.ambrogiotti@gmail.com,ham.ambrogiotti@omba.com,ham.ambrogiotti@omba.com,Test User 2,Biostatistician III,Budget Holder,,586-322-9840,981-913-8606
,.com,"",Daren,Behninck,daren.behninck@gmail.com,daren.behninck@.com,daren.behninck@gmail.com,Clayton Farr,Graphic Designer,Champion,,,
Thoughtstorm,thoughtstorm.com,thoughtstorm.com,Ingmar,Stanmer,ingmar.stanmer@gmail.com,ingmar.stanmer@thoughtstorm.com,ingmar.stanmer@thoughtstorm.com,Test User 2,Software Engineer I,Blocker,Blocker,914-156-4963,
Mydeo,mydeo.com,mydeo.com,Dorothea,Liddiard,dorothea.liddiard@gmail.com,dorothea.liddiard@mydeo.com,dorothea.liddiard@mydeo.com,Test User 2,Desktop Support Technician,Blocker,,,
,.com,"",Celina,Hadrill,celina.hadrill@gmail.com,celina.hadrill@.com,celina.hadrill@gmail.com,Clayton Farr,Analyst Programmer,Legal & Compliance,,,681-826-2579
,.com,"",Wiatt,Chatt,wiatt.chatt@gmail.com,wiatt.chatt@.com,wiatt.chatt@gmail.com,Clayton Farr,GIS Technical Architect,Champion,,292-769-3384,756-976-6547
,.com,"",Terri,Proughten,terri.proughten@gmail.com,terri.proughten@.com,terri.proughten@gmail.com,Clayton Farr,VP Sales,End User,,739-355-4386,322-983-3422
Topiczoom,topiczoom.com,topiczoom.com,Murray,Jeannel,murray.jeannel@gmail.com,murray.jeannel@topiczoom.com,murray.jeannel@topiczoom.com,Test User 2,Staff Scientist,Champion,Champion,159-237-0590,863-597-0504
,.com,"",Colas,Dadge,colas.dadge@gmail.com,colas.dadge@.com,colas.dadge@gmail.com,Clayton Farr,Programmer III,Budget Holder,,938-380-4958,
Browsedrive,browsedrive.com,browsedrive.com,Tera,Cordet,tera.cordet@gmail.com,tera.cordet@browsedrive.com,tera.cordet@browsedrive.com,Test User 2,Human Resources Manager,Influencer,Influencer,,
Voonte,voonte.com,voonte.com,Conant,Server,conant.server@gmail.com,conant.server@voonte.com,conant.server@voonte.com,Test User 2,Sales Associate,Influencer,,188-611-6400,125-426-3626
,.com,"",Evanne,Biswell,evanne.biswell@gmail.com,evanne.biswell@.com,evanne.biswell@gmail.com,Clayton Farr,General Manager,Decision Maker,,,772-435-2136
Abatz,abatz.com,abatz.com,Marti,Smerdon,marti.smerdon@gmail.com,marti.smerdon@abatz.com,marti.smerdon@abatz.com,Test User 2,Health Coach II,Legal & Compliance,,,
Yotz,yotz.com,yotz.com,Maisey,Gomby,maisey.gomby@gmail.com,maisey.gomby@yotz.com,maisey.gomby@yotz.com,Test User 2,Internal Auditor,Decision Maker,,916-712-8598,716-462-5303
Aibox,aibox.com,aibox.com,Dall,Jodrelle,dall.jodrelle@gmail.com,dall.jodrelle@aibox.com,dall.jodrelle@aibox.com,Clayton Farr,Account Executive,Blocker,,890-263-0014,597-163-8728
Thoughtblab,thoughtblab.com,thoughtblab.com,Farlie,Angliss,farlie.angliss@gmail.com,farlie.angliss@thoughtblab.com,farlie.angliss@thoughtblab.com,Clayton Farr,Structural Analysis Engineer,End User,End User,,
,.com,"",Isiahi,Samworth,isiahi.samworth@gmail.com,isiahi.samworth@.com,isiahi.samworth@gmail.com,Clayton Farr,Web Developer II,Influencer,,955-918-2863,974-742-9342
Feedmix,feedmix.com,feedmix.com,Fredrick,Dinzey,fredrick.dinzey@gmail.com,fredrick.dinzey@feedmix.com,fredrick.dinzey@feedmix.com,Test User 2,Computer Systems Analyst IV,Executive Sponsor,,,
Avavee,avavee.com,avavee.com,Vivian,Smewings,vivian.smewings@gmail.com,vivian.smewings@avavee.com,vivian.smewings@avavee.com,Clayton Farr,Staff Scientist,Legal & Compliance,,423-665-6908,309-270-7945
Oodoo,oodoo.com,oodoo.com,Morgana,Schwaiger,morgana.schwaiger@gmail.com,morgana.schwaiger@oodoo.com,morgana.schwaiger@oodoo.com,Test User 2,Office Assistant IV,Champion,,,665-384-3084
,.com,"",Claire,Barajaz,claire.barajaz@gmail.com,claire.barajaz@.com,claire.barajaz@gmail.com,Clayton Farr,Director of Sales,Legal & Compliance,,505-851-9227,
Brainverse,brainverse.com,brainverse.com,Bunnie,Dorr,bunnie.dorr@gmail.com,bunnie.dorr@brainverse.com,bunnie.dorr@brainverse.com,Test User 2,Graphic Designer,Blocker,,225-366-3248,
Yakijo,yakijo.com,yakijo.com,Bennie,Hawkswood,bennie.hawkswood@gmail.com,bennie.hawkswood@yakijo.com,bennie.hawkswood@yakijo.com,Clayton Farr,Associate Professor,Influencer,,308-375-0021,449-987-3126
Rhynyx,rhynyx.com,rhynyx.com,Audre,Hew,audre.hew@gmail.com,audre.hew@rhynyx.com,audre.hew@rhynyx.com,Clayton Farr,Operator,Budget Holder,,,167-979-1480
Twimbo,twimbo.com,twimbo.com,Jaimie,Gussie,jaimie.gussie@gmail.com,jaimie.gussie@twimbo.com,jaimie.gussie@twimbo.com,Test User 2,Business Systems Development Analyst,Influencer,Influencer,334-500-0153,778-893-9808
,.com,"",Queenie,Tyreman,queenie.tyreman@gmail.com,queenie.tyreman@.com,queenie.tyreman@gmail.com,Clayton Farr,Account Executive,Legal & Compliance,,197-909-9970,643-373-9238
MeejoMeemm,meejomeemm.com,meejomeemm.com,Gerick,Basso,gerick.basso@gmail.com,gerick.basso@meejomeemm.com,gerick.basso@meejomeemm.com,Test User 2,Registered Nurse,Blocker,Blocker,647-401-0428,727-768-8792
Voonix,voonix.com,voonix.com,Ilise,Doncom,ilise.doncom@gmail.com,ilise.doncom@voonix.com,ilise.doncom@voonix.com,Clayton Farr,Editor,Champion,,,270-379-4242
,.com,"",Roma,Traut,roma.traut@gmail.com,roma.traut@.com,roma.traut@gmail.com,Clayton Farr,Statistician II,Decision Maker,,,967-836-7681
,.com,"",Mychal,Cream,mychal.cream@gmail.com,mychal.cream@.com,mychal.cream@gmail.com,Clayton Farr,Budget/Accounting Analyst II,Executive Sponsor,,,
,.com,"",Joellyn,Birtles,joellyn.birtles@gmail.com,joellyn.birtles@.com,joellyn.birtles@gmail.com,Test User 2,Recruiting Manager,Decision Maker,,478-590-5471,415-542-1513
Rhynyx,rhynyx.com,rhynyx.com,Violante,Kwiek,violante.kwiek@gmail.com,violante.kwiek@rhynyx.com,violante.kwiek@rhynyx.com,Test User 2,VP Marketing,Other,Other,447-350-3156,505-892-9478
Mybuzz,mybuzz.com,mybuzz.com,Dillie,Annakin,dillie.annakin@gmail.com,dillie.annakin@mybuzz.com,dillie.annakin@mybuzz.com,Test User 2,Information Systems Manager,Decision Maker,Decision Maker,642-139-2406,
,.com,"",Arlina,Ciciura,arlina.ciciura@gmail.com,arlina.ciciura@.com,arlina.ciciura@gmail.com,Clayton Farr,Geologist IV,Executive Sponsor,,893-912-1868,
Browsetype,browsetype.com,browsetype.com,Celia,Foottit,celia.foottit@gmail.com,celia.foottit@browsetype.com,celia.foottit@browsetype.com,Clayton Farr,Account Executive,Budget Holder,Budget Holder,,319-446-1828
,.com,"",Lelia,Dulling,lelia.dulling@gmail.com,lelia.dulling@.com,lelia.dulling@gmail.com,Test User 2,Editor,End User,,674-756-1235,166-265-8236
Twitternation,twitternation.com,twitternation.com,Shellysheldon,Roos,shellysheldon.roos@gmail.com,shellysheldon.roos@twitternation.com,shellysheldon.roos@twitternation.com,Clayton Farr,Social Worker,Decision Maker,,664-398-5657,708-209-2422
,.com,"",Ludvig,Crew,ludvig.crew@gmail.com,ludvig.crew@.com,ludvig.crew@gmail.com,Test User 2,Senior Editor,Influencer,,216-466-7235,131-844-1281
Yata,yata.com,yata.com,Lucienne,Dansey,lucienne.dansey@gmail.com,lucienne.dansey@yata.com,lucienne.dansey@yata.com,Clayton Farr,Accounting Assistant II,End User,,,
Yombu,yombu.com,yombu.com,Owen,Cruttenden,owen.cruttenden@gmail.com,owen.cruttenden@yombu.com,owen.cruttenden@yombu.com,Clayton Farr,Computer Systems Analyst III,Blocker,,606-159-6617,318-854-3040
,.com,"",Bev,Boden,bev.boden@gmail.com,bev.boden@.com,bev.boden@gmail.com,Test User 2,Statistician II,Decision Maker,,,
,.com,"",Tally,Scrivner,tally.scrivner@gmail.com,tally.scrivner@.com,tally.scrivner@gmail.com,Test User 2,Clinical Specialist,Executive Sponsor,,,812-939-5470
,.com,"",Angelika,Bangs,angelika.bangs@gmail.com,angelika.bangs@.com,angelika.bangs@gmail.com,Clayton Farr,Account Representative IV,Legal & Compliance,,183-344-0339,
Aibox,aibox.com,aibox.com,Gun,Sapseed,gun.sapseed@gmail.com,gun.sapseed@aibox.com,gun.sapseed@aibox.com,Test User 2,Database Administrator II,Influencer,Influencer,,803-178-3930
Devcast,devcast.com,devcast.com,Tiffie,Rodgers,tiffie.rodgers@gmail.com,tiffie.rodgers@devcast.com,tiffie.rodgers@devcast.com,Test User 2,Nurse,Executive Sponsor,Executive Sponsor,,
Wordpedia,wordpedia.com,wordpedia.com,Olia,Eastmond,olia.eastmond@gmail.com,olia.eastmond@wordpedia.com,olia.eastmond@wordpedia.com,Test User 2,Recruiting Manager,Legal & Compliance,,,289-261-5334
Nlounge,nlounge.com,nlounge.com,Upton,Howsin,upton.howsin@gmail.com,upton.howsin@nlounge.com,upton.howsin@nlounge.com,Test User 2,Compensation Analyst,Executive Sponsor,Executive Sponsor,608-754-5424,614-364-3310
Tazzy,tazzy.com,tazzy.com,Ileana,McCoish,ileana.mccoish@gmail.com,ileana.mccoish@tazzy.com,ileana.mccoish@tazzy.com,Test User 2,Pharmacist,Other,,183-300-0449,
,.com,"",Barry,Tumbelty,barry.tumbelty@gmail.com,barry.tumbelty@.com,barry.tumbelty@gmail.com,Clayton Farr,Clinical Specialist,Executive Sponsor,,923-662-1920,156-233-5070
,.com,"",Rebekkah,Tunna,rebekkah.tunna@gmail.com,rebekkah.tunna@.com,rebekkah.tunna@gmail.com,Clayton Farr,Financial Analyst,Legal & Compliance,,836-599-7727,755-963-0136
Mita,mita.com,mita.com,Leora,Risman,leora.risman@gmail.com,leora.risman@mita.com,leora.risman@mita.com,Clayton Farr,Database Administrator III,Influencer,,,
,.com,"",Ardelis,Doran,ardelis.doran@gmail.com,ardelis.doran@.com,ardelis.doran@gmail.com,Test User 2,VP Quality Control,Budget Holder,,,
,.com,"",Estel,Smickle,estel.smickle@gmail.com,estel.smickle@.com,estel.smickle@gmail.com,Clayton Farr,Administrative Officer,Legal & Compliance,,,840-139-1763
Edgetag,edgetag.com,edgetag.com,Rosalinda,McEnery,rosalinda.mcenery@gmail.com,rosalinda.mcenery@edgetag.com,rosalinda.mcenery@edgetag.com,Test User 2,Geologist III,Legal & Compliance,Legal & Compliance,460-513-5752,
Cogidoo,cogidoo.com,cogidoo.com,Rube,Sisnett,rube.sisnett@gmail.com,rube.sisnett@cogidoo.com,rube.sisnett@cogidoo.com,Test User 2,Health Coach I,Legal & Compliance,,498-991-9558,
,.com,"",Devora,Flood,devora.flood@gmail.com,devora.flood@.com,devora.flood@gmail.com,Clayton Farr,VP Accounting,Executive Sponsor,,637-903-8564,
Yodo,yodo.com,yodo.com,Herb,Mainston,herb.mainston@gmail.com,herb.mainston@yodo.com,herb.mainston@yodo.com,Clayton Farr,Food Chemist,Blocker,Blocker,,
,.com,"",Lief,Poole,lief.poole@gmail.com,lief.poole@.com,lief.poole@gmail.com,Test User 2,Biostatistician III,Decision Maker,,223-816-7919,648-529-3849
Cogibox,cogibox.com,cogibox.com,Nikki,Vearncombe,nikki.vearncombe@gmail.com,nikki.vearncombe@cogibox.com,nikki.vearncombe@cogibox.com,Test User 2,Tax Accountant,Other,,495-837-0482,946-548-6728
Abata,abata.com,abata.com,Emiline,Bohden,emiline.bohden@gmail.com,emiline.bohden@abata.com,emiline.bohden@abata.com,Test User 2,Food Chemist,Decision Maker,Decision Maker,546-235-5347,
Centidel,centidel.com,centidel.com,Shirlene,Garland,shirlene.garland@gmail.com,shirlene.garland@centidel.com,shirlene.garland@centidel.com,Clayton Farr,Data Coordiator,Decision Maker,,,
,.com,"",Elsbeth,McCook,elsbeth.mccook@gmail.com,elsbeth.mccook@.com,elsbeth.mccook@gmail.com,Clayton Farr,Research Associate,End User,,768-305-6289,844-335-6958
Browsetype,browsetype.com,browsetype.com,Jules,Crosfield,jules.crosfield@gmail.com,jules.crosfield@browsetype.com,jules.crosfield@browsetype.com,Clayton Farr,Accountant II,Other,,636-603-8701,946-310-1908
,.com,"",Giraldo,Simper,giraldo.simper@gmail.com,giraldo.simper@.com,giraldo.simper@gmail.com,Clayton Farr,Quality Engineer,Influencer,,,807-469-7887
,.com,"",Britt,Bullant,britt.bullant@gmail.com,britt.bullant@.com,britt.bullant@gmail.com,Clayton Farr,Senior Developer,Executive Sponsor,,435-345-4181,790-907-8721
,.com,"",Patrizius,Dansken,patrizius.dansken@gmail.com,patrizius.dansken@.com,patrizius.dansken@gmail.com,Test User 2,Speech Pathologist,End User,,329-979-0300,
Voonix,voonix.com,voonix.com,Toby,Ducker,toby.ducker@gmail.com,toby.ducker@voonix.com,toby.ducker@voonix.com,Test User 2,Geological Engineer,Budget Holder,Budget Holder,976-973-9688,392-810-7989
Avamm,avamm.com,avamm.com,Kennan,Baskett,kennan.baskett@gmail.com,kennan.baskett@avamm.com,kennan.baskett@avamm.com,Clayton Farr,Structural Engineer,Other,Other,,337-644-3334
,.com,"",Natalee,Robberecht,natalee.robberecht@gmail.com,natalee.robberecht@.com,natalee.robberecht@gmail.com,Test User 2,Web Developer III,Executive Sponsor,,909-366-5538,409-900-8201
Gevee,gevee.com,gevee.com,Marina,Twidell,marina.twidell@gmail.com,marina.twidell@gevee.com,marina.twidell@gevee.com,Clayton Farr,Human Resources Manager,Other,Other,,
,.com,"",Bibbye,Linwood,bibbye.linwood@gmail.com,bibbye.linwood@.com,bibbye.linwood@gmail.com,Test User 2,Senior Cost Accountant,Decision Maker,,,
Skiba,skiba.com,skiba.com,Karlik,McGonigle,karlik.mcgonigle@gmail.com,karlik.mcgonigle@skiba.com,karlik.mcgonigle@skiba.com,Clayton Farr,Senior Financial Analyst,Executive Sponsor,,,
,.com,"",Borg,Dorken,borg.dorken@gmail.com,borg.dorken@.com,borg.dorken@gmail.com,Clayton Farr,Account Executive,Other,,345-583-3699,
Photojam,photojam.com,photojam.com,Korie,Coda,korie.coda@gmail.com,korie.coda@photojam.com,korie.coda@photojam.com,Test User 2,Compensation Analyst,Champion,,,295-394-3111
Gabvine,gabvine.com,gabvine.com,Jorrie,Gammill,jorrie.gammill@gmail.com,jorrie.gammill@gabvine.com,jorrie.gammill@gabvine.com,Clayton Farr,Accounting Assistant II,Blocker,Blocker,,
Einti,einti.com,einti.com,Ruprecht,Goldwater,ruprecht.goldwater@gmail.com,ruprecht.goldwater@einti.com,ruprecht.goldwater@einti.com,Clayton Farr,Budget/Accounting Analyst IV,End User,End User,,
Browseblab,browseblab.com,browseblab.com,Griz,Biddy,griz.biddy@gmail.com,griz.biddy@browseblab.com,griz.biddy@browseblab.com,Test User 2,Nurse Practicioner,Champion,Champion,,
,.com,"",Minnie,Pietruschka,minnie.pietruschka@gmail.com,minnie.pietruschka@.com,minnie.pietruschka@gmail.com,Clayton Farr,Account Representative III,Other,,113-234-7940,423-404-1013
Trilith,trilith.com,trilith.com,Nefen,Casale,nefen.casale@gmail.com,nefen.casale@trilith.com,nefen.casale@trilith.com,Clayton Farr,Analog Circuit Design manager,Legal & Compliance,,,
,.com,"",Sully,Lorinez,sully.lorinez@gmail.com,sully.lorinez@.com,sully.lorinez@gmail.com,Test User 2,Information Systems Manager,Influencer,,280-989-6351,
,.com,"",Brena,Finnemore,brena.finnemore@gmail.com,brena.finnemore@.com,brena.finnemore@gmail.com,Clayton Farr,Structural Engineer,Influencer,,,739-102-1932
Jayo,jayo.com,jayo.com,Hamil,Milam,hamil.milam@gmail.com,hamil.milam@jayo.com,hamil.milam@jayo.com,Test User 2,Quality Control Specialist,Executive Sponsor,Executive Sponsor,,972-865-2351
Skalith,skalith.com,skalith.com,Garwood,Tanguy,garwood.tanguy@gmail.com,garwood.tanguy@skalith.com,garwood.tanguy@skalith.com,Test User 2,Database Administrator IV,Executive Sponsor,,,
Oba,oba.com,oba.com,Camala,Gibb,camala.gibb@gmail.com,camala.gibb@oba.com,camala.gibb@oba.com,Clayton Farr,Information Systems Manager,Other,Other,200-976-3752,
Mycat,mycat.com,mycat.com,Pasquale,Witheford,pasquale.witheford@gmail.com,pasquale.witheford@mycat.com,pasquale.witheford@mycat.com,Clayton Farr,Analyst Programmer,End User,End User,737-305-8361,127-301-4375
Mydeo,mydeo.com,mydeo.com,Tildi,Harkins,tildi.harkins@gmail.com,tildi.harkins@mydeo.com,tildi.harkins@mydeo.com,Clayton Farr,Senior Editor,Blocker,,,823-364-6344
Blogtag,blogtag.com,blogtag.com,Judah,Addicote,judah.addicote@gmail.com,judah.addicote@blogtag.com,judah.addicote@blogtag.com,Test User 2,Senior Cost Accountant,Other,,737-983-4432,512-803-4271
,.com,"",Nicolette,Oxby,nicolette.oxby@gmail.com,nicolette.oxby@.com,nicolette.oxby@gmail.com,Test User 2,Dental Hygienist,Legal & Compliance,,856-122-8237,323-557-0142
Demivee,demivee.com,demivee.com,Albina,Semrad,albina.semrad@gmail.com,albina.semrad@demivee.com,albina.semrad@demivee.com,Test User 2,Speech Pathologist,Decision Maker,Decision Maker,,247-904-3017
Topiczoom,topiczoom.com,topiczoom.com,Cristionna,Filippucci,cristionna.filippucci@gmail.com,cristionna.filippucci@topiczoom.com,cristionna.filippucci@topiczoom.com,Test User 2,Nuclear Power Engineer,Legal & Compliance,Legal & Compliance,617-361-3162,
Agivu,agivu.com,agivu.com,Aidan,Samudio,aidan.samudio@gmail.com,aidan.samudio@agivu.com,aidan.samudio@agivu.com,Clayton Farr,Human Resources Manager,Other,Other,,
Edgetag,edgetag.com,edgetag.com,Torrance,Leebeter,torrance.leebeter@gmail.com,torrance.leebeter@edgetag.com,torrance.leebeter@edgetag.com,Clayton Farr,Senior Sales Associate,Blocker,,130-607-8881,107-520-3076
Demivee,demivee.com,demivee.com,Georgiana,Prys,georgiana.prys@gmail.com,georgiana.prys@demivee.com,georgiana.prys@demivee.com,Clayton Farr,Professor,Decision Maker,,,321-602-4772
,.com,"",Fields,Moden,fields.moden@gmail.com,fields.moden@.com,fields.moden@gmail.com,Clayton Farr,Compensation Analyst,Decision Maker,,862-195-3481,664-414-6397
Jabbertype,jabbertype.com,jabbertype.com,Arleyne,Brocking,arleyne.brocking@gmail.com,arleyne.brocking@jabbertype.com,arleyne.brocking@jabbertype.com,Clayton Farr,Assistant Professor,Champion,,750-682-2546,630-447-7405
Avavee,avavee.com,avavee.com,Milton,Strotton,milton.strotton@gmail.com,milton.strotton@avavee.com,milton.strotton@avavee.com,Clayton Farr,Recruiter,Champion,Champion,,
,.com,"",Faina,Dreakin,faina.dreakin@gmail.com,faina.dreakin@.com,faina.dreakin@gmail.com,Clayton Farr,VP Quality Control,Budget Holder,,328-899-6162,879-113-2203
,.com,"",Torrie,Jeeks,torrie.jeeks@gmail.com,torrie.jeeks@.com,torrie.jeeks@gmail.com,Test User 2,Payment Adjustment Coordinator,Blocker,,553-496-5478,
Yakijo,yakijo.com,yakijo.com,Bernie,Barsham,bernie.barsham@gmail.com,bernie.barsham@yakijo.com,bernie.barsham@yakijo.com,Clayton Farr,Professor,Budget Holder,,,173-159-4584
,.com,"",Alvera,Dradey,alvera.dradey@gmail.com,alvera.dradey@.com,alvera.dradey@gmail.com,Clayton Farr,Recruiting Manager,Legal & Compliance,,615-500-8459,
,.com,"",Cory,Doughtery,cory.doughtery@gmail.com,cory.doughtery@.com,cory.doughtery@gmail.com,Test User 2,VP Accounting,Legal & Compliance,,,571-383-1159
Wordware,wordware.com,wordware.com,Edee,Espinola,edee.espinola@gmail.com,edee.espinola@wordware.com,edee.espinola@wordware.com,Clayton Farr,Civil Engineer,Budget Holder,Budget Holder,713-840-6052,910-630-7384
,.com,"",Karla,Hauck,karla.hauck@gmail.com,karla.hauck@.com,karla.hauck@gmail.com,Clayton Farr,Safety Technician I,End User,,165-125-7995,326-827-1869
Yakidoo,yakidoo.com,yakidoo.com,Rolf,Tandy,rolf.tandy@gmail.com,rolf.tandy@yakidoo.com,rolf.tandy@yakidoo.com,Test User 2,Senior Financial Analyst,End User,End User,785-796-2294,619-449-5411
Gabvine,gabvine.com,gabvine.com,Kattie,Tritten,kattie.tritten@gmail.com,kattie.tritten@gabvine.com,kattie.tritten@gabvine.com,Test User 2,Legal Assistant,End User,End User,871-546-4235,
,.com,"",Dorelia,Battaille,dorelia.battaille@gmail.com,dorelia.battaille@.com,dorelia.battaille@gmail.com,Test User 2,Engineer I,Executive Sponsor,,,358-192-0124
Muxo,muxo.com,muxo.com,Nolie,Junkin,nolie.junkin@gmail.com,nolie.junkin@muxo.com,nolie.junkin@muxo.com,Test User 2,VP Accounting,Other,,483-495-7915,232-533-8240
Vimbo,vimbo.com,vimbo.com,Kali,McCaughren,kali.mccaughren@gmail.com,kali.mccaughren@vimbo.com,kali.mccaughren@vimbo.com,Clayton Farr,Professor,Champion,Champion,,166-762-9956
Youspan,youspan.com,youspan.com,Elizabeth,McErlaine,elizabeth.mcerlaine@gmail.com,elizabeth.mcerlaine@youspan.com,elizabeth.mcerlaine@youspan.com,Test User 2,Administrative Officer,Champion,Champion,793-637-0880,
Yoveo,yoveo.com,yoveo.com,Roberto,Romaynes,roberto.romaynes@gmail.com,roberto.romaynes@yoveo.com,roberto.romaynes@yoveo.com,Test User 2,Product Engineer,Influencer,Influencer,286-822-7938,381-587-0223
,.com,"",Cob,Furnell,cob.furnell@gmail.com,cob.furnell@.com,cob.furnell@gmail.com,Test User 2,Environmental Specialist,Influencer,,,939-579-9350
,.com,"",Leonardo,Hearsey,leonardo.hearsey@gmail.com,leonardo.hearsey@.com,leonardo.hearsey@gmail.com,Test User 2,Editor,Other,,,
Myworks,myworks.com,myworks.com,Stefan,Nelissen,stefan.nelissen@gmail.com,stefan.nelissen@myworks.com,stefan.nelissen@myworks.com,Clayton Farr,Programmer II,Budget Holder,,,
,.com,"",Beitris,Rupert,beitris.rupert@gmail.com,beitris.rupert@.com,beitris.rupert@gmail.com,Test User 2,Engineer I,Other,,427-275-4752,
,.com,"",Germain,Crufts,germain.crufts@gmail.com,germain.crufts@.com,germain.crufts@gmail.com,Clayton Farr,VP Accounting,Budget Holder,,,
Photojam,photojam.com,photojam.com,Feodora,MacKaile,feodora.mackaile@gmail.com,feodora.mackaile@photojam.com,feodora.mackaile@photojam.com,Clayton Farr,Research Associate,Legal & Compliance,Legal & Compliance,,941-988-2515
Yakidoo,yakidoo.com,yakidoo.com,Stefan,De Vaan,stefan.devaan@gmail.com,stefan.devaan@yakidoo.com,stefan.devaan@yakidoo.com,Clayton Farr,Financial Analyst,End User,,,318-203-8152
,.com,"",Tim,St Ange,tim.stange@gmail.com,tim.stange@.com,tim.stange@gmail.com,Clayton Farr,Structural Analysis Engineer,Influencer,,,
Linktype,linktype.com,linktype.com,Lydia,Kwiek,lydia.kwiek@gmail.com,lydia.kwiek@linktype.com,lydia.kwiek@linktype.com,Clayton Farr,Senior Sales Associate,Decision Maker,,151-567-0070,693-370-2458
,.com,"",Ofelia,Frame,ofelia.frame@gmail.com,ofelia.frame@.com,ofelia.frame@gmail.com,Test User 2,Environmental Tech,Decision Maker,,,870-300-9209
Babbleopia,babbleopia.com,babbleopia.com,Aldous,Terney,aldous.terney@gmail.com,aldous.terney@babbleopia.com,aldous.terney@babbleopia.com,Test User 2,Senior Developer,Decision Maker,,835-554-7629,254-571-2204
,.com,"",Bili,Bulward,bili.bulward@gmail.com,bili.bulward@.com,bili.bulward@gmail.com,Clayton Farr,Librarian,Legal & Compliance,,,483-299-8329
Muxo,muxo.com,muxo.com,Kelcy,Earwicker,kelcy.earwicker@gmail.com,kelcy.earwicker@muxo.com,kelcy.earwicker@muxo.com,Test User 2,Compensation Analyst,Other,,539-332-7677,
Devshare,devshare.com,devshare.com,Jae,Spaduzza,jae.spaduzza@gmail.com,jae.spaduzza@devshare.com,jae.spaduzza@devshare.com,Clayton Farr,Operator,Champion,,161-798-1187,
Skinix,skinix.com,skinix.com,Reggi,Fortin,reggi.fortin@gmail.com,reggi.fortin@skinix.com,reggi.fortin@skinix.com,Clayton Farr,Research Associate,Other,,,176-872-6600
,.com,"",Orland,Benner,orland.benner@gmail.com,orland.benner@.com,orland.benner@gmail.com,Clayton Farr,Software Test Engineer II,Influencer,,,
Rooxo,rooxo.com,rooxo.com,Aggie,Lawly,aggie.lawly@gmail.com,aggie.lawly@rooxo.com,aggie.lawly@rooxo.com,Test User 2,Software Engineer III,Decision Maker,Decision Maker,468-262-2744,144-501-2766
Yakidoo,yakidoo.com,yakidoo.com,Keenan,Hearst,keenan.hearst@gmail.com,keenan.hearst@yakidoo.com,keenan.hearst@yakidoo.com,Test User 2,Pharmacist,Influencer,,,
Meezzy,meezzy.com,meezzy.com,Edward,Colliard,edward.colliard@gmail.com,edward.colliard@meezzy.com,edward.colliard@meezzy.com,Clayton Farr,Senior Editor,Budget Holder,Budget Holder,,293-365-7149
Skyvu,skyvu.com,skyvu.com,Adina,Jolly,adina.jolly@gmail.com,adina.jolly@skyvu.com,adina.jolly@skyvu.com,Test User 2,Dental Hygienist,Budget Holder,,,
,.com,"",Briny,Ayliff,briny.ayliff@gmail.com,briny.ayliff@.com,briny.ayliff@gmail.com,Test User 2,Sales Associate,Champion,,700-973-1463,
Dynabox,dynabox.com,dynabox.com,Andi,Sakins,andi.sakins@gmail.com,andi.sakins@dynabox.com,andi.sakins@dynabox.com,Test User 2,Graphic Designer,Legal & Compliance,Legal & Compliance,,194-904-1167
,.com,"",Susann,Mattioli,susann.mattioli@gmail.com,susann.mattioli@.com,susann.mattioli@gmail.com,Clayton Farr,Human Resources Assistant IV,Influencer,,,145-152-5580
Meezzy,meezzy.com,meezzy.com,Lilah,Swinbourne,lilah.swinbourne@gmail.com,lilah.swinbourne@meezzy.com,lilah.swinbourne@meezzy.com,Clayton Farr,Budget/Accounting Analyst I,Decision Maker,,,738-595-3717
Rhyzio,rhyzio.com,rhyzio.com,Anthony,Ralls,anthony.ralls@gmail.com,anthony.ralls@rhyzio.com,anthony.ralls@rhyzio.com,Test User 2,Programmer I,Influencer,,,588-132-8236
Wordtune,wordtune.com,wordtune.com,Evelyn,Paybody,evelyn.paybody@gmail.com,evelyn.paybody@wordtune.com,evelyn.paybody@wordtune.com,Test User 2,Safety Technician IV,Champion,,843-205-5829,
Dabtype,dabtype.com,dabtype.com,Ronald,Bewsy,ronald.bewsy@gmail.com,ronald.bewsy@dabtype.com,ronald.bewsy@dabtype.com,Test User 2,Structural Engineer,Decision Maker,Decision Maker,334-859-0458,652-996-4092
Dynabox,dynabox.com,dynabox.com,Dulcea,Mapam,dulcea.mapam@gmail.com,dulcea.mapam@dynabox.com,dulcea.mapam@dynabox.com,Test User 2,Staff Scientist,Influencer,,,
Realcube,realcube.com,realcube.com,Durante,Daysh,durante.daysh@gmail.com,durante.daysh@realcube.com,durante.daysh@realcube.com,Test User 2,Software Test Engineer III,Decision Maker,,,
Flashpoint,flashpoint.com,flashpoint.com,Sloane,Gerritzen,sloane.gerritzen@gmail.com,sloane.gerritzen@flashpoint.com,sloane.gerritzen@flashpoint.com,Test User 2,Actuary,Decision Maker,,,380-930-0489
Yakitri,yakitri.com,yakitri.com,Chadwick,Asher,chadwick.asher@gmail.com,chadwick.asher@yakitri.com,chadwick.asher@yakitri.com,Clayton Farr,Research Assistant IV,Executive Sponsor,,609-221-9593,229-268-8874
Mybuzz,mybuzz.com,mybuzz.com,Cole,Pawle,cole.pawle@gmail.com,cole.pawle@mybuzz.com,cole.pawle@mybuzz.com,Test User 2,Senior Financial Analyst,Budget Holder,Budget Holder,282-523-7610,
Jaloo,jaloo.com,jaloo.com,Randene,Redding,randene.redding@gmail.com,randene.redding@jaloo.com,randene.redding@jaloo.com,Clayton Farr,Electrical Engineer,Blocker,,,
Janyx,janyx.com,janyx.com,Stanford,Shearsby,stanford.shearsby@gmail.com,stanford.shearsby@janyx.com,stanford.shearsby@janyx.com,Test User 2,Senior Developer,Influencer,,353-151-9035,
Jazzy,jazzy.com,jazzy.com,Emlynne,Gutsell,emlynne.gutsell@gmail.com,emlynne.gutsell@jazzy.com,emlynne.gutsell@jazzy.com,Clayton Farr,Software Engineer IV,Champion,,553-173-8961,
Meezzy,meezzy.com,meezzy.com,Marie-ann,Diche,marie-ann.diche@gmail.com,marie-ann.diche@meezzy.com,marie-ann.diche@meezzy.com,Test User 2,Analyst Programmer,Champion,,,587-774-7806
Myworks,myworks.com,myworks.com,Derby,Cheers,derby.cheers@gmail.com,derby.cheers@myworks.com,derby.cheers@myworks.com,Test User 2,Office Assistant II,Budget Holder,,295-500-9392,
Yombu,yombu.com,yombu.com,Madelon,Antoniottii,madelon.antoniottii@gmail.com,madelon.antoniottii@yombu.com,madelon.antoniottii@yombu.com,Test User 2,Quality Engineer,Executive Sponsor,,,
Eire,eire.com,eire.com,Garey,Batt,garey.batt@gmail.com,garey.batt@eire.com,garey.batt@eire.com,Clayton Farr,Associate Professor,Blocker,,,281-439-4810
,.com,"",Trude,Tulloch,trude.tulloch@gmail.com,trude.tulloch@.com,trude.tulloch@gmail.com,Test User 2,Graphic Designer,End User,,541-450-6509,421-549-2071
Muxo,muxo.com,muxo.com,Fredek,Targetter,fredek.targetter@gmail.com,fredek.targetter@muxo.com,fredek.targetter@muxo.com,Test User 2,Health Coach IV,Legal & Compliance,Legal & Compliance,,176-651-2774
Yombu,yombu.com,yombu.com,Brunhilde,Whyte,brunhilde.whyte@gmail.com,brunhilde.whyte@yombu.com,brunhilde.whyte@yombu.com,Test User 2,Internal Auditor,Blocker,,875-123-5308,798-199-2538
,.com,"",Rebecca,Charlotte,rebecca.charlotte@gmail.com,rebecca.charlotte@.com,rebecca.charlotte@gmail.com,Test User 2,Civil Engineer,Legal & Compliance,,442-548-7839,993-950-4169
,.com,"",Alejandra,Delieu,alejandra.delieu@gmail.com,alejandra.delieu@.com,alejandra.delieu@gmail.com,Test User 2,Marketing Assistant,Champion,,,190-527-3142
Muxo,muxo.com,muxo.com,Nerti,Davidek,nerti.davidek@gmail.com,nerti.davidek@muxo.com,nerti.davidek@muxo.com,Test User 2,Administrative Assistant III,Champion,,262-779-6402,
,.com,"",Zerk,Perel,zerk.perel@gmail.com,zerk.perel@.com,zerk.perel@gmail.com,Test User 2,Tax Accountant,Influencer,,,
Realbridge,realbridge.com,realbridge.com,Marcus,Balnaves,marcus.balnaves@gmail.com,marcus.balnaves@realbridge.com,marcus.balnaves@realbridge.com,Test User 2,Software Consultant,Legal & Compliance,,,696-935-9781
,.com,"",Daniella,Leathley,daniella.leathley@gmail.com,daniella.leathley@.com,daniella.leathley@gmail.com,Clayton Farr,Staff Scientist,Blocker,,,933-633-0771
Gevee,gevee.com,gevee.com,Bucky,Hubbucks,bucky.hubbucks@gmail.com,bucky.hubbucks@gevee.com,bucky.hubbucks@gevee.com,Clayton Farr,Staff Accountant IV,Blocker,Blocker,450-233-5628,
Yadel,yadel.com,yadel.com,Lenora,Parzis,lenora.parzis@gmail.com,lenora.parzis@yadel.com,lenora.parzis@yadel.com,Test User 2,Teacher,Executive Sponsor,,364-250-7577,922-515-3245
Meeveo,meeveo.com,meeveo.com,Farrel,Pirson,farrel.pirson@gmail.com,farrel.pirson@meeveo.com,farrel.pirson@meeveo.com,Clayton Farr,Chemical Engineer,Decision Maker,Decision Maker,371-554-4874,
Voonix,voonix.com,voonix.com,Archy,McCome,archy.mccome@gmail.com,archy.mccome@voonix.com,archy.mccome@voonix.com,Clayton Farr,Senior Sales Associate,End User,,,
Eamia,eamia.com,eamia.com,Otho,Snalom,otho.snalom@gmail.com,otho.snalom@eamia.com,otho.snalom@eamia.com,Clayton Farr,Tax Accountant,End User,,354-827-0353,
Einti,einti.com,einti.com,Issie,Blas,issie.blas@gmail.com,issie.blas@einti.com,issie.blas@einti.com,Test User 2,Programmer Analyst III,Blocker,,679-311-0238,
Twitternation,twitternation.com,twitternation.com,Coleman,Steddall,coleman.steddall@gmail.com,coleman.steddall@twitternation.com,coleman.steddall@twitternation.com,Clayton Farr,Design Engineer,Executive Sponsor,,906-547-0928,
Jabbertype,jabbertype.com,jabbertype.com,Bobbye,Gwyther,bobbye.gwyther@gmail.com,bobbye.gwyther@jabbertype.com,bobbye.gwyther@jabbertype.com,Test User 2,Software Test Engineer IV,Blocker,,,966-511-5956
Devshare,devshare.com,devshare.com,Freida,McNish,freida.mcnish@gmail.com,freida.mcnish@devshare.com,freida.mcnish@devshare.com,Test User 2,Operator,Blocker,Blocker,266-202-7338,267-832-6703
,.com,"",Rubia,Dalyiel,rubia.dalyiel@gmail.com,rubia.dalyiel@.com,rubia.dalyiel@gmail.com,Clayton Farr,Director of Sales,End User,,800-823-4521,
Yombu,yombu.com,yombu.com,Angel,MacAnespie,angel.macanespie@gmail.com,angel.macanespie@yombu.com,angel.macanespie@yombu.com,Clayton Farr,Account Executive,Executive Sponsor,,,
Izio,izio.com,izio.com,Nigel,O'Doherty,nigel.odoherty@gmail.com,nigel.odoherty@izio.com,nigel.odoherty@izio.com,Test User 2,GIS Technical Architect,Influencer,Influencer,,419-227-8841
,.com,"",Arleta,Cocozza,arleta.cocozza@gmail.com,arleta.cocozza@.com,arleta.cocozza@gmail.com,Clayton Farr,Administrative Officer,Legal & Compliance,,,209-941-6604
,.com,"",Justino,Feldmus,justino.feldmus@gmail.com,justino.feldmus@.com,justino.feldmus@gmail.com,Test User 2,Staff Scientist,Other,,,152-157-1249
,.com,"",Shanta,Lesser,shanta.lesser@gmail.com,shanta.lesser@.com,shanta.lesser@gmail.com,Test User 2,Human Resources Assistant III,Influencer,,,626-872-7046
Jetwire,jetwire.com,jetwire.com,Lonnie,Redmire,lonnie.redmire@gmail.com,lonnie.redmire@jetwire.com,lonnie.redmire@jetwire.com,Clayton Farr,Structural Analysis Engineer,Champion,,,
Feedfish,feedfish.com,feedfish.com,Justis,Pogue,justis.pogue@gmail.com,justis.pogue@feedfish.com,justis.pogue@feedfish.com,Test User 2,Analog Circuit Design manager,Budget Holder,,165-317-3115,489-278-8115
Quimm,quimm.com,quimm.com,Dwight,Took,dwight.took@gmail.com,dwight.took@quimm.com,dwight.took@quimm.com,Test User 2,Chief Design Engineer,Influencer,Influencer,,223-937-4045
,.com,"",Yanaton,Mannooch,yanaton.mannooch@gmail.com,yanaton.mannooch@.com,yanaton.mannooch@gmail.com,Test User 2,Database Administrator I,Influencer,,372-136-2276,472-111-1231
Youbridge,youbridge.com,youbridge.com,Nellie,Van Der Weedenburg,nellie.vanderweedenburg@gmail.com,nellie.vanderweedenburg@youbridge.com,nellie.vanderweedenburg@youbridge.com,Test User 2,Technical Writer,Other,,647-637-6526,
Devify,devify.com,devify.com,Martina,Newark,martina.newark@gmail.com,martina.newark@devify.com,martina.newark@devify.com,Clayton Farr,Graphic Designer,End User,,,698-583-5189
Jabbersphere,jabbersphere.com,jabbersphere.com,Edward,Aughtie,edward.aughtie@gmail.com,edward.aughtie@jabbersphere.com,edward.aughtie@jabbersphere.com,Clayton Farr,Chemical Engineer,End User,,,935-340-3322
Janyx,janyx.com,janyx.com,Chantalle,Terris,chantalle.terris@gmail.com,chantalle.terris@janyx.com,chantalle.terris@janyx.com,Test User 2,Paralegal,Decision Maker,,409-821-8240,554-802-9675
Innojam,innojam.com,innojam.com,Merry,Espinay,merry.espinay@gmail.com,merry.espinay@innojam.com,merry.espinay@innojam.com,Clayton Farr,Structural Analysis Engineer,Other,,656-522-9311,679-917-9271
Eazzy,eazzy.com,eazzy.com,Stefanie,Grasner,stefanie.grasner@gmail.com,stefanie.grasner@eazzy.com,stefanie.grasner@eazzy.com,Test User 2,Senior Editor,Blocker,,,
Brainsphere,brainsphere.com,brainsphere.com,Sauncho,Steadman,sauncho.steadman@gmail.com,sauncho.steadman@brainsphere.com,sauncho.steadman@brainsphere.com,Test User 2,Web Designer III,Budget Holder,Budget Holder,854-370-8040,
,.com,"",Lizzy,Seine,lizzy.seine@gmail.com,lizzy.seine@.com,lizzy.seine@gmail.com,Test User 2,Media Manager II,Influencer,,277-795-4254,290-581-5768
,.com,"",Veradis,Trussell,veradis.trussell@gmail.com,veradis.trussell@.com,veradis.trussell@gmail.com,Clayton Farr,Director of Sales,Executive Sponsor,,,469-623-1436
Linktype,linktype.com,linktype.com,Joyce,Aleswell,joyce.aleswell@gmail.com,joyce.aleswell@linktype.com,joyce.aleswell@linktype.com,Test User 2,Analyst Programmer,Blocker,,623-972-4928,453-606-0942
Yamia,yamia.com,yamia.com,Daniella,Prosek,daniella.prosek@gmail.com,daniella.prosek@yamia.com,daniella.prosek@yamia.com,Test User 2,Business Systems Development Analyst,Legal & Compliance,,653-310-9305,
Tazzy,tazzy.com,tazzy.com,Ardis,Pepys,ardis.pepys@gmail.com,ardis.pepys@tazzy.com,ardis.pepys@tazzy.com,Clayton Farr,Business Systems Development Analyst,Executive Sponsor,,721-527-8646,610-836-6235
,.com,"",Benny,Goldstraw,benny.goldstraw@gmail.com,benny.goldstraw@.com,benny.goldstraw@gmail.com,Test User 2,Account Representative II,Executive Sponsor,,544-830-4341,521-923-4803
Yabox,yabox.com,yabox.com,Markus,Robertucci,markus.robertucci@gmail.com,markus.robertucci@yabox.com,markus.robertucci@yabox.com,Test User 2,Budget/Accounting Analyst IV,End User,,,722-827-5046
Thoughtstorm,thoughtstorm.com,thoughtstorm.com,Kingsly,Enrrico,kingsly.enrrico@gmail.com,kingsly.enrrico@thoughtstorm.com,kingsly.enrrico@thoughtstorm.com,Clayton Farr,Editor,Decision Maker,,,347-128-0839
,.com,"",Maria,Poulson,maria.poulson@gmail.com,maria.poulson@.com,maria.poulson@gmail.com,Clayton Farr,Librarian,Legal & Compliance,,,335-208-0468
,.com,"",Doreen,Passie,doreen.passie@gmail.com,doreen.passie@.com,doreen.passie@gmail.com,Clayton Farr,Quality Engineer,Blocker,,351-457-5170,707-908-4999
,.com,"",Sargent,Dorricott,sargent.dorricott@gmail.com,sargent.dorricott@.com,sargent.dorricott@gmail.com,Test User 2,Senior Cost Accountant,Budget Holder,,,341-875-8421
,.com,"",Halie,Gyorgy,halie.gyorgy@gmail.com,halie.gyorgy@.com,halie.gyorgy@gmail.com,Test User 2,Administrative Officer,Legal & Compliance,,783-796-9073,343-860-5697
,.com,"",Frankie,Starking,frankie.starking@gmail.com,frankie.starking@.com,frankie.starking@gmail.com,Test User 2,Budget/Accounting Analyst III,Champion,,785-489-1866,759-699-6024
Yabox,yabox.com,yabox.com,Weylin,Wotherspoon,weylin.wotherspoon@gmail.com,weylin.wotherspoon@yabox.com,weylin.wotherspoon@yabox.com,Clayton Farr,Technical Writer,Executive Sponsor,Executive Sponsor,791-152-1898,
Mydo,mydo.com,mydo.com,Cathy,Whithorn,cathy.whithorn@gmail.com,cathy.whithorn@mydo.com,cathy.whithorn@mydo.com,Test User 2,Paralegal,Decision Maker,,,289-467-0310
Devify,devify.com,devify.com,Clarance,Sine,clarance.sine@gmail.com,clarance.sine@devify.com,clarance.sine@devify.com,Clayton Farr,Quality Control Specialist,Champion,,563-409-0796,436-175-2806
Jaxnation,jaxnation.com,jaxnation.com,Dalia,Lacasa,dalia.lacasa@gmail.com,dalia.lacasa@jaxnation.com,dalia.lacasa@jaxnation.com,Test User 2,Quality Engineer,Influencer,,495-824-8382,482-568-3249
Camido,camido.com,camido.com,Berny,Antonio,berny.antonio@gmail.com,berny.antonio@camido.com,berny.antonio@camido.com,Clayton Farr,Occupational Therapist,Champion,,247-349-8998,230-218-9321
,.com,"",Antonella,Trembey,antonella.trembey@gmail.com,antonella.trembey@.com,antonella.trembey@gmail.com,Clayton Farr,Assistant Professor,Other,,,847-195-1666
Latz,latz.com,latz.com,Jessee,Freckelton,jessee.freckelton@gmail.com,jessee.freckelton@latz.com,jessee.freckelton@latz.com,Test User 2,Web Designer II,Blocker,,977-678-7441,696-906-2173
Skiba,skiba.com,skiba.com,Danice,McCleod,danice.mccleod@gmail.com,danice.mccleod@skiba.com,danice.mccleod@skiba.com,Clayton Farr,Systems Administrator II,Champion,Champion,,
,.com,"",Finlay,Seely,finlay.seely@gmail.com,finlay.seely@.com,finlay.seely@gmail.com,Clayton Farr,Senior Sales Associate,Executive Sponsor,,,701-218-0852
Eare,eare.com,eare.com,Chryste,Ord,chryste.ord@gmail.com,chryste.ord@eare.com,chryste.ord@eare.com,Test User 2,Cost Accountant,Decision Maker,,,
,.com,"",Wilhelmine,Scranney,wilhelmine.scranney@gmail.com,wilhelmine.scranney@.com,wilhelmine.scranney@gmail.com,Clayton Farr,Budget/Accounting Analyst IV,Budget Holder,,252-496-8503,323-770-1996
BlogXS,blogxs.com,blogxs.com,Rollo,Tivnan,rollo.tivnan@gmail.com,rollo.tivnan@blogxs.com,rollo.tivnan@blogxs.com,Clayton Farr,Analyst Programmer,Other,,471-313-2871,
Blogpad,blogpad.com,blogpad.com,Angel,Sirette,angel.sirette@gmail.com,angel.sirette@blogpad.com,angel.sirette@blogpad.com,Clayton Farr,Social Worker,Budget Holder,Budget Holder,,492-118-5297
Abatz,abatz.com,abatz.com,Violetta,Carding,violetta.carding@gmail.com,violetta.carding@abatz.com,violetta.carding@abatz.com,Clayton Farr,Dental Hygienist,Executive Sponsor,,,250-140-2382
Lazzy,lazzy.com,lazzy.com,Marya,Fessions,marya.fessions@gmail.com,marya.fessions@lazzy.com,marya.fessions@lazzy.com,Test User 2,VP Quality Control,Blocker,,120-315-0927,
Photobug,photobug.com,photobug.com,Rory,Motto,rory.motto@gmail.com,rory.motto@photobug.com,rory.motto@photobug.com,Test User 2,Sales Associate,Other,,256-182-0642,106-261-2153
,.com,"",Nita,Croom,nita.croom@gmail.com,nita.croom@.com,nita.croom@gmail.com,Clayton Farr,Graphic Designer,Champion,,929-924-8639,376-420-7457
,.com,"",Chad,Rzehor,chad.rzehor@gmail.com,chad.rzehor@.com,chad.rzehor@gmail.com,Test User 2,Help Desk Operator,Budget Holder,,,
Blognation,blognation.com,blognation.com,Erik,Driffe,erik.driffe@gmail.com,erik.driffe@blognation.com,erik.driffe@blognation.com,Test User 2,VP Quality Control,Legal & Compliance,,,597-820-9873
Yakidoo,yakidoo.com,yakidoo.com,Elia,Dorian,elia.dorian@gmail.com,elia.dorian@yakidoo.com,elia.dorian@yakidoo.com,Test User 2,Software Test Engineer IV,Legal & Compliance,Legal & Compliance,831-370-4279,174-592-7109
Devshare,devshare.com,devshare.com,Bing,Grimsley,bing.grimsley@gmail.com,bing.grimsley@devshare.com,bing.grimsley@devshare.com,Test User 2,Senior Sales Associate,Blocker,Blocker,538-681-1608,
Quaxo,quaxo.com,quaxo.com,Philippa,Lacasa,philippa.lacasa@gmail.com,philippa.lacasa@quaxo.com,philippa.lacasa@quaxo.com,Clayton Farr,Human Resources Manager,End User,End User,576-464-0090,365-486-0265
Browseblab,browseblab.com,browseblab.com,Willamina,Vanyukov,willamina.vanyukov@gmail.com,willamina.vanyukov@browseblab.com,willamina.vanyukov@browseblab.com,Test User 2,Dental Hygienist,End User,End User,,324-165-9376
,.com,"",Dorolice,Kuhnel,dorolice.kuhnel@gmail.com,dorolice.kuhnel@.com,dorolice.kuhnel@gmail.com,Test User 2,Senior Quality Engineer,Decision Maker,,577-346-5559,
Yamia,yamia.com,yamia.com,Halette,Morris,halette.morris@gmail.com,halette.morris@yamia.com,halette.morris@yamia.com,Clayton Farr,Sales Representative,Budget Holder,Budget Holder,,615-955-6849
Yakitri,yakitri.com,yakitri.com,Ardeen,Duchart,ardeen.duchart@gmail.com,ardeen.duchart@yakitri.com,ardeen.duchart@yakitri.com,Clayton Farr,Marketing Manager,Other,,602-146-6682,265-273-7308
Camido,camido.com,camido.com,Selig,Bradbrook,selig.bradbrook@gmail.com,selig.bradbrook@camido.com,selig.bradbrook@camido.com,Clayton Farr,Human Resources Assistant II,Budget Holder,,,560-287-3252
,.com,"",Palm,Degoy,palm.degoy@gmail.com,palm.degoy@.com,palm.degoy@gmail.com,Test User 2,Research Associate,Other,,155-267-8519,959-266-8444
Gabtune,gabtune.com,gabtune.com,Viviana,Turvie,viviana.turvie@gmail.com,viviana.turvie@gabtune.com,viviana.turvie@gabtune.com,Clayton Farr,VP Marketing,Other,,,
Gigashots,gigashots.com,gigashots.com,Guthry,Gateland,guthry.gateland@gmail.com,guthry.gateland@gigashots.com,guthry.gateland@gigashots.com,Test User 2,Human Resources Assistant II,Legal & Compliance,Legal & Compliance,,905-432-4585
Yabox,yabox.com,yabox.com,Magda,Ferens,magda.ferens@gmail.com,magda.ferens@yabox.com,magda.ferens@yabox.com,Test User 2,Analyst Programmer,Champion,Champion,170-976-9410,
Midel,midel.com,midel.com,Haydon,Brimson,haydon.brimson@gmail.com,haydon.brimson@midel.com,haydon.brimson@midel.com,Clayton Farr,Health Coach I,Executive Sponsor,Executive Sponsor,888-918-6935,351-750-9250
Oba,oba.com,oba.com,Charlene,Setch,charlene.setch@gmail.com,charlene.setch@oba.com,charlene.setch@oba.com,Clayton Farr,Director of Sales,Blocker,,591-684-7005,550-766-1173
Fanoodle,fanoodle.com,fanoodle.com,Enriqueta,Ascough,enriqueta.ascough@gmail.com,enriqueta.ascough@fanoodle.com,enriqueta.ascough@fanoodle.com,Clayton Farr,Nurse Practicioner,Decision Maker,Decision Maker,186-428-9003,
,.com,"",Fayth,Woodrough,fayth.woodrough@gmail.com,fayth.woodrough@.com,fayth.woodrough@gmail.com,Clayton Farr,Engineer I,Champion,,351-143-8514,
Twimbo,twimbo.com,twimbo.com,Constantia,Lantry,constantia.lantry@gmail.com,constantia.lantry@twimbo.com,constantia.lantry@twimbo.com,Test User 2,Internal Auditor,Blocker,Blocker,,
Jetwire,jetwire.com,jetwire.com,Nico,Kienlein,nico.kienlein@gmail.com,nico.kienlein@jetwire.com,nico.kienlein@jetwire.com,Test User 2,Social Worker,End User,,,865-209-7092
Yambee,yambee.com,yambee.com,Jethro,Oulett,jethro.oulett@gmail.com,jethro.oulett@yambee.com,jethro.oulett@yambee.com,Test User 2,Community Outreach Specialist,End User,,327-627-5898,
Topiczoom,topiczoom.com,topiczoom.com,Jemie,Loyns,jemie.loyns@gmail.com,jemie.loyns@topiczoom.com,jemie.loyns@topiczoom.com,Clayton Farr,Community Outreach Specialist,Legal & Compliance,,478-678-8815,809-565-6772
Agimba,agimba.com,agimba.com,Codi,Makiver,codi.makiver@gmail.com,codi.makiver@agimba.com,codi.makiver@agimba.com,Clayton Farr,Programmer IV,Budget Holder,,525-605-1229,363-963-7755
,.com,"",Elsbeth,Robroe,elsbeth.robroe@gmail.com,elsbeth.robroe@.com,elsbeth.robroe@gmail.com,Test User 2,Statistician IV,Influencer,,,
Aibox,aibox.com,aibox.com,Rriocard,Di Maggio,rriocard.dimaggio@gmail.com,rriocard.dimaggio@aibox.com,rriocard.dimaggio@aibox.com,Test User 2,Help Desk Operator,End User,,,
,.com,"",Beverlee,Radbond,beverlee.radbond@gmail.com,beverlee.radbond@.com,beverlee.radbond@gmail.com,Test User 2,Electrical Engineer,Decision Maker,,872-985-1967,
,.com,"",Denver,Rolling,denver.rolling@gmail.com,denver.rolling@.com,denver.rolling@gmail.com,Test User 2,GIS Technical Architect,Decision Maker,,665-326-3833,143-598-0206
Bubbletube,bubbletube.com,bubbletube.com,Etta,Takkos,etta.takkos@gmail.com,etta.takkos@bubbletube.com,etta.takkos@bubbletube.com,Test User 2,Dental Hygienist,End User,,580-570-1909,102-243-4733
Oyoyo,oyoyo.com,oyoyo.com,Simmonds,O'Lennachain,simmonds.olennachain@gmail.com,simmonds.olennachain@oyoyo.com,simmonds.olennachain@oyoyo.com,Clayton Farr,Health Coach II,Other,,,446-805-7875
,.com,"",Finlay,Corsor,finlay.corsor@gmail.com,finlay.corsor@.com,finlay.corsor@gmail.com,Clayton Farr,Quality Engineer,Influencer,,,876-383-7629
Youtags,youtags.com,youtags.com,Tandy,Thredder,tandy.thredder@gmail.com,tandy.thredder@youtags.com,tandy.thredder@youtags.com,Clayton Farr,Account Coordinator,Budget Holder,,265-568-7755,763-744-7778
,.com,"",Nariko,Spittles,nariko.spittles@gmail.com,nariko.spittles@.com,nariko.spittles@gmail.com,Clayton Farr,Director of Sales,Budget Holder,,551-970-4221,
Zoombox,zoombox.com,zoombox.com,Stephana,Bogart,stephana.bogart@gmail.com,stephana.bogart@zoombox.com,stephana.bogart@zoombox.com,Clayton Farr,Recruiter,Influencer,,510-288-9017,202-322-3442
Jabbertype,jabbertype.com,jabbertype.com,Katee,Haisell,katee.haisell@gmail.com,katee.haisell@jabbertype.com,katee.haisell@jabbertype.com,Clayton Farr,Director of Sales,Influencer,Influencer,583-625-5966,213-617-7869
Oba,oba.com,oba.com,Fallon,Langforth,fallon.langforth@gmail.com,fallon.langforth@oba.com,fallon.langforth@oba.com,Test User 2,Mechanical Systems Engineer,Budget Holder,,656-412-7031,308-637-2699
Myworks,myworks.com,myworks.com,Natalee,Loughan,natalee.loughan@gmail.com,natalee.loughan@myworks.com,natalee.loughan@myworks.com,Test User 2,Automation Specialist IV,Legal & Compliance,Legal & Compliance,,611-956-7187
,.com,"",Gan,Hodgets,gan.hodgets@gmail.com,gan.hodgets@.com,gan.hodgets@gmail.com,Test User 2,Help Desk Technician,Blocker,,249-638-2148,607-645-9744
,.com,"",Fanchette,Spinozzi,fanchette.spinozzi@gmail.com,fanchette.spinozzi@.com,fanchette.spinozzi@gmail.com,Clayton Farr,Internal Auditor,Influencer,,,
,.com,"",Linzy,Hinz,linzy.hinz@gmail.com,linzy.hinz@.com,linzy.hinz@gmail.com,Test User 2,Physical Therapy Assistant,Legal & Compliance,,,
,.com,"",Sayers,Winfred,sayers.winfred@gmail.com,sayers.winfred@.com,sayers.winfred@gmail.com,Clayton Farr,Recruiter,Decision Maker,,,643-781-3575
,.com,"",Dana,Purdy,dana.purdy@gmail.com,dana.purdy@.com,dana.purdy@gmail.com,Clayton Farr,Dental Hygienist,Executive Sponsor,,,
JumpXS,jumpxs.com,jumpxs.com,Tybie,Francey,tybie.francey@gmail.com,tybie.francey@jumpxs.com,tybie.francey@jumpxs.com,Clayton Farr,Statistician II,Blocker,Blocker,293-459-6172,
Quinu,quinu.com,quinu.com,Danita,Allcock,danita.allcock@gmail.com,danita.allcock@quinu.com,danita.allcock@quinu.com,Test User 2,Chief Design Engineer,End User,,163-830-9235,966-939-3234
Topdrive,topdrive.com,topdrive.com,Mignonne,Sleford,mignonne.sleford@gmail.com,mignonne.sleford@topdrive.com,mignonne.sleford@topdrive.com,Clayton Farr,Quality Engineer,Other,Other,,788-277-5583
Latz,latz.com,latz.com,Aldric,Canavan,aldric.canavan@gmail.com,aldric.canavan@latz.com,aldric.canavan@latz.com,Test User 2,Executive Secretary,Other,Other,,344-711-3888
Yakidoo,yakidoo.com,yakidoo.com,Danny,Gorry,danny.gorry@gmail.com,danny.gorry@yakidoo.com,danny.gorry@yakidoo.com,Clayton Farr,Speech Pathologist,Champion,,614-589-9965,911-234-3098
,.com,"",Nefen,Doy,nefen.doy@gmail.com,nefen.doy@.com,nefen.doy@gmail.com,Clayton Farr,Help Desk Operator,Executive Sponsor,,,
,.com,"",Hedwig,Graysmark,hedwig.graysmark@gmail.com,hedwig.graysmark@.com,hedwig.graysmark@gmail.com,Clayton Farr,Software Engineer I,Other,,532-695-6827,155-833-1178
Devcast,devcast.com,devcast.com,Saundra,Bromidge,saundra.bromidge@gmail.com,saundra.bromidge@devcast.com,saundra.bromidge@devcast.com,Clayton Farr,Nuclear Power Engineer,Budget Holder,Budget Holder,,559-627-6553
Brainsphere,brainsphere.com,brainsphere.com,Aila,McPharlain,aila.mcpharlain@gmail.com,aila.mcpharlain@brainsphere.com,aila.mcpharlain@brainsphere.com,Clayton Farr,Automation Specialist II,End User,,,590-464-1518
Myworks,myworks.com,myworks.com,Dill,Kellert,dill.kellert@gmail.com,dill.kellert@myworks.com,dill.kellert@myworks.com,Test User 2,Administrative Officer,Influencer,,,240-904-3257
,.com,"",Lucas,Aleksashin,lucas.aleksashin@gmail.com,lucas.aleksashin@.com,lucas.aleksashin@gmail.com,Clayton Farr,Financial Advisor,End User,,807-918-4180,
,.com,"",Doralin,Tantrum,doralin.tantrum@gmail.com,doralin.tantrum@.com,doralin.tantrum@gmail.com,Clayton Farr,Computer Systems Analyst I,Other,,555-592-4647,732-775-4872
,.com,"",Giovanna,Wanden,giovanna.wanden@gmail.com,giovanna.wanden@.com,giovanna.wanden@gmail.com,Test User 2,Engineer IV,Budget Holder,,,824-658-1396
